color	0	GCA_000012685.1_ASM1268v1_genomic.fna.gz
color	1	GCA_000278585.2_ASM27858v2_genomic.fna.gz
color	2	GCA_000340515.1_Myxococcus_xanthus_DZF1_genomic.fna.gz
color	3	GCA_006400955.1_ASM640095v1_genomic.fna.gz
color	4	GCA_006401215.1_ASM640121v1_genomic.fna.gz
color	5	GCA_006401635.1_ASM640163v1_genomic.fna.gz
color	6	GCA_006402015.1_ASM640201v1_genomic.fna.gz
color	7	GCA_006402415.1_ASM640241v1_genomic.fna.gz
color	8	GCA_006402735.1_ASM640273v1_genomic.fna.gz
color	9	GCA_900106535.1_IMG-taxon_2693429903_annotated_assembly_genomic.fna.gz
combination	0	154
combination	1	0
combination	0-1	491
combination	2	0
combination	0-2	878
combination	1-2	11582
combination	0-1-2	7978
combination	3	2868
combination	0-3	39
combination	1-3	0
combination	0-1-3	0
combination	2-3	7
combination	0-2-3	31
combination	1-2-3	322
combination	0-1-2-3	393
combination	4	1296
combination	0-4	0
combination	1-4	0
combination	0-1-4	0
combination	2-4	0
combination	0-2-4	0
combination	1-2-4	0
combination	0-1-2-4	56
combination	3-4	173355
combination	0-3-4	0
combination	1-3-4	0
combination	0-1-3-4	19
combination	2-3-4	0
combination	0-2-3-4	0
combination	1-2-3-4	0
combination	0-1-2-3-4	4
combination	5	18453
combination	0-5	118
combination	1-5	70
combination	0-1-5	22
combination	2-5	4
combination	0-2-5	31
combination	1-2-5	10
combination	0-1-2-5	724
combination	3-5	33708
combination	0-3-5	0
combination	1-3-5	0
combination	0-1-3-5	0
combination	2-3-5	0
combination	0-2-3-5	0
combination	1-2-3-5	0
combination	0-1-2-3-5	7
combination	4-5	17497
combination	0-4-5	0
combination	1-4-5	0
combination	0-1-4-5	0
combination	2-4-5	0
combination	0-2-4-5	0
combination	1-2-4-5	0
combination	0-1-2-4-5	39
combination	3-4-5	14199
combination	0-3-4-5	0
combination	1-3-4-5	0
combination	0-1-3-4-5	11
combination	2-3-4-5	0
combination	0-2-3-4-5	0
combination	1-2-3-4-5	0
combination	0-1-2-3-4-5	33
combination	6	4229
combination	0-6	11
combination	1-6	0
combination	0-1-6	118
combination	2-6	0
combination	0-2-6	18
combination	1-2-6	0
combination	0-1-2-6	4
combination	3-6	159819
combination	0-3-6	0
combination	1-3-6	0
combination	0-1-3-6	0
combination	2-3-6	0
combination	0-2-3-6	0
combination	1-2-3-6	6
combination	0-1-2-3-6	4
combination	4-6	165291
combination	0-4-6	0
combination	1-4-6	0
combination	0-1-4-6	0
combination	2-4-6	0
combination	0-2-4-6	0
combination	1-2-4-6	0
combination	0-1-2-4-6	0
combination	3-4-6	221615
combination	0-3-4-6	20
combination	1-3-4-6	0
combination	0-1-3-4-6	21
combination	2-3-4-6	0
combination	0-2-3-4-6	0
combination	1-2-3-4-6	0
combination	0-1-2-3-4-6	31
combination	5-6	18444
combination	0-5-6	0
combination	1-5-6	0
combination	0-1-5-6	6
combination	2-5-6	0
combination	0-2-5-6	0
combination	1-2-5-6	0
combination	0-1-2-5-6	9
combination	3-5-6	17977
combination	0-3-5-6	0
combination	1-3-5-6	0
combination	0-1-3-5-6	0
combination	2-3-5-6	0
combination	0-2-3-5-6	0
combination	1-2-3-5-6	0
combination	0-1-2-3-5-6	3
combination	4-5-6	13364
combination	0-4-5-6	0
combination	1-4-5-6	0
combination	0-1-4-5-6	0
combination	2-4-5-6	0
combination	0-2-4-5-6	0
combination	1-2-4-5-6	0
combination	0-1-2-4-5-6	0
combination	3-4-5-6	27919
combination	0-3-4-5-6	6
combination	1-3-4-5-6	0
combination	0-1-3-4-5-6	6
combination	2-3-4-5-6	0
combination	0-2-3-4-5-6	0
combination	1-2-3-4-5-6	0
combination	0-1-2-3-4-5-6	2
combination	7	0
combination	0-7	0
combination	1-7	0
combination	0-1-7	0
combination	2-7	0
combination	0-2-7	0
combination	1-2-7	0
combination	0-1-2-7	0
combination	3-7	0
combination	0-3-7	0
combination	1-3-7	0
combination	0-1-3-7	0
combination	2-3-7	0
combination	0-2-3-7	0
combination	1-2-3-7	0
combination	0-1-2-3-7	0
combination	4-7	0
combination	0-4-7	0
combination	1-4-7	0
combination	0-1-4-7	0
combination	2-4-7	0
combination	0-2-4-7	0
combination	1-2-4-7	0
combination	0-1-2-4-7	0
combination	3-4-7	0
combination	0-3-4-7	0
combination	1-3-4-7	0
combination	0-1-3-4-7	0
combination	2-3-4-7	0
combination	0-2-3-4-7	0
combination	1-2-3-4-7	0
combination	0-1-2-3-4-7	0
combination	5-7	0
combination	0-5-7	0
combination	1-5-7	0
combination	0-1-5-7	0
combination	2-5-7	0
combination	0-2-5-7	0
combination	1-2-5-7	0
combination	0-1-2-5-7	0
combination	3-5-7	0
combination	0-3-5-7	0
combination	1-3-5-7	0
combination	0-1-3-5-7	0
combination	2-3-5-7	0
combination	0-2-3-5-7	0
combination	1-2-3-5-7	0
combination	0-1-2-3-5-7	0
combination	4-5-7	0
combination	0-4-5-7	0
combination	1-4-5-7	0
combination	0-1-4-5-7	0
combination	2-4-5-7	0
combination	0-2-4-5-7	0
combination	1-2-4-5-7	0
combination	0-1-2-4-5-7	0
combination	3-4-5-7	0
combination	0-3-4-5-7	0
combination	1-3-4-5-7	0
combination	0-1-3-4-5-7	0
combination	2-3-4-5-7	0
combination	0-2-3-4-5-7	0
combination	1-2-3-4-5-7	0
combination	0-1-2-3-4-5-7	0
combination	6-7	0
combination	0-6-7	0
combination	1-6-7	0
combination	0-1-6-7	0
combination	2-6-7	0
combination	0-2-6-7	0
combination	1-2-6-7	0
combination	0-1-2-6-7	0
combination	3-6-7	0
combination	0-3-6-7	0
combination	1-3-6-7	0
combination	0-1-3-6-7	0
combination	2-3-6-7	0
combination	0-2-3-6-7	0
combination	1-2-3-6-7	0
combination	0-1-2-3-6-7	0
combination	4-6-7	0
combination	0-4-6-7	0
combination	1-4-6-7	0
combination	0-1-4-6-7	0
combination	2-4-6-7	0
combination	0-2-4-6-7	0
combination	1-2-4-6-7	0
combination	0-1-2-4-6-7	0
combination	3-4-6-7	27
combination	0-3-4-6-7	0
combination	1-3-4-6-7	0
combination	0-1-3-4-6-7	0
combination	2-3-4-6-7	0
combination	0-2-3-4-6-7	0
combination	1-2-3-4-6-7	0
combination	0-1-2-3-4-6-7	0
combination	5-6-7	0
combination	0-5-6-7	0
combination	1-5-6-7	0
combination	0-1-5-6-7	0
combination	2-5-6-7	0
combination	0-2-5-6-7	0
combination	1-2-5-6-7	0
combination	0-1-2-5-6-7	0
combination	3-5-6-7	0
combination	0-3-5-6-7	0
combination	1-3-5-6-7	0
combination	0-1-3-5-6-7	0
combination	2-3-5-6-7	0
combination	0-2-3-5-6-7	0
combination	1-2-3-5-6-7	0
combination	0-1-2-3-5-6-7	0
combination	4-5-6-7	0
combination	0-4-5-6-7	0
combination	1-4-5-6-7	0
combination	0-1-4-5-6-7	0
combination	2-4-5-6-7	0
combination	0-2-4-5-6-7	0
combination	1-2-4-5-6-7	0
combination	0-1-2-4-5-6-7	0
combination	3-4-5-6-7	0
combination	0-3-4-5-6-7	0
combination	1-3-4-5-6-7	0
combination	0-1-3-4-5-6-7	0
combination	2-3-4-5-6-7	0
combination	0-2-3-4-5-6-7	0
combination	1-2-3-4-5-6-7	0
combination	0-1-2-3-4-5-6-7	0
combination	8	0
combination	0-8	0
combination	1-8	0
combination	0-1-8	0
combination	2-8	0
combination	0-2-8	0
combination	1-2-8	0
combination	0-1-2-8	0
combination	3-8	0
combination	0-3-8	0
combination	1-3-8	0
combination	0-1-3-8	0
combination	2-3-8	0
combination	0-2-3-8	0
combination	1-2-3-8	0
combination	0-1-2-3-8	0
combination	4-8	2
combination	0-4-8	0
combination	1-4-8	0
combination	0-1-4-8	0
combination	2-4-8	0
combination	0-2-4-8	0
combination	1-2-4-8	0
combination	0-1-2-4-8	0
combination	3-4-8	0
combination	0-3-4-8	0
combination	1-3-4-8	0
combination	0-1-3-4-8	0
combination	2-3-4-8	0
combination	0-2-3-4-8	0
combination	1-2-3-4-8	0
combination	0-1-2-3-4-8	0
combination	5-8	0
combination	0-5-8	0
combination	1-5-8	0
combination	0-1-5-8	0
combination	2-5-8	0
combination	0-2-5-8	0
combination	1-2-5-8	0
combination	0-1-2-5-8	0
combination	3-5-8	0
combination	0-3-5-8	0
combination	1-3-5-8	0
combination	0-1-3-5-8	0
combination	2-3-5-8	0
combination	0-2-3-5-8	0
combination	1-2-3-5-8	0
combination	0-1-2-3-5-8	0
combination	4-5-8	0
combination	0-4-5-8	0
combination	1-4-5-8	0
combination	0-1-4-5-8	0
combination	2-4-5-8	0
combination	0-2-4-5-8	0
combination	1-2-4-5-8	0
combination	0-1-2-4-5-8	0
combination	3-4-5-8	0
combination	0-3-4-5-8	0
combination	1-3-4-5-8	0
combination	0-1-3-4-5-8	0
combination	2-3-4-5-8	0
combination	0-2-3-4-5-8	0
combination	1-2-3-4-5-8	0
combination	0-1-2-3-4-5-8	0
combination	6-8	0
combination	0-6-8	0
combination	1-6-8	0
combination	0-1-6-8	0
combination	2-6-8	0
combination	0-2-6-8	0
combination	1-2-6-8	0
combination	0-1-2-6-8	0
combination	3-6-8	0
combination	0-3-6-8	0
combination	1-3-6-8	0
combination	0-1-3-6-8	0
combination	2-3-6-8	0
combination	0-2-3-6-8	0
combination	1-2-3-6-8	0
combination	0-1-2-3-6-8	0
combination	4-6-8	0
combination	0-4-6-8	0
combination	1-4-6-8	0
combination	0-1-4-6-8	0
combination	2-4-6-8	0
combination	0-2-4-6-8	0
combination	1-2-4-6-8	0
combination	0-1-2-4-6-8	0
combination	3-4-6-8	0
combination	0-3-4-6-8	0
combination	1-3-4-6-8	0
combination	0-1-3-4-6-8	0
combination	2-3-4-6-8	0
combination	0-2-3-4-6-8	0
combination	1-2-3-4-6-8	0
combination	0-1-2-3-4-6-8	0
combination	5-6-8	0
combination	0-5-6-8	0
combination	1-5-6-8	0
combination	0-1-5-6-8	0
combination	2-5-6-8	0
combination	0-2-5-6-8	0
combination	1-2-5-6-8	0
combination	0-1-2-5-6-8	0
combination	3-5-6-8	0
combination	0-3-5-6-8	0
combination	1-3-5-6-8	0
combination	0-1-3-5-6-8	0
combination	2-3-5-6-8	0
combination	0-2-3-5-6-8	0
combination	1-2-3-5-6-8	0
combination	0-1-2-3-5-6-8	0
combination	4-5-6-8	0
combination	0-4-5-6-8	0
combination	1-4-5-6-8	0
combination	0-1-4-5-6-8	0
combination	2-4-5-6-8	0
combination	0-2-4-5-6-8	0
combination	1-2-4-5-6-8	0
combination	0-1-2-4-5-6-8	0
combination	3-4-5-6-8	0
combination	0-3-4-5-6-8	0
combination	1-3-4-5-6-8	0
combination	0-1-3-4-5-6-8	0
combination	2-3-4-5-6-8	0
combination	0-2-3-4-5-6-8	0
combination	1-2-3-4-5-6-8	0
combination	0-1-2-3-4-5-6-8	0
combination	7-8	554243
combination	0-7-8	7
combination	1-7-8	0
combination	0-1-7-8	0
combination	2-7-8	0
combination	0-2-7-8	0
combination	1-2-7-8	0
combination	0-1-2-7-8	210
combination	3-7-8	149097
combination	0-3-7-8	0
combination	1-3-7-8	0
combination	0-1-3-7-8	0
combination	2-3-7-8	0
combination	0-2-3-7-8	0
combination	1-2-3-7-8	0
combination	0-1-2-3-7-8	14
combination	4-7-8	200281
combination	0-4-7-8	9
combination	1-4-7-8	0
combination	0-1-4-7-8	0
combination	2-4-7-8	4
combination	0-2-4-7-8	0
combination	1-2-4-7-8	0
combination	0-1-2-4-7-8	0
combination	3-4-7-8	243246
combination	0-3-4-7-8	0
combination	1-3-4-7-8	0
combination	0-1-3-4-7-8	0
combination	2-3-4-7-8	0
combination	0-2-3-4-7-8	0
combination	1-2-3-4-7-8	0
combination	0-1-2-3-4-7-8	24
combination	5-7-8	26174
combination	0-5-7-8	2
combination	1-5-7-8	0
combination	0-1-5-7-8	0
combination	2-5-7-8	0
combination	0-2-5-7-8	0
combination	1-2-5-7-8	0
combination	0-1-2-5-7-8	72
combination	3-5-7-8	11860
combination	0-3-5-7-8	0
combination	1-3-5-7-8	0
combination	0-1-3-5-7-8	0
combination	2-3-5-7-8	0
combination	0-2-3-5-7-8	0
combination	1-2-3-5-7-8	0
combination	0-1-2-3-5-7-8	3
combination	4-5-7-8	15758
combination	0-4-5-7-8	0
combination	1-4-5-7-8	0
combination	0-1-4-5-7-8	0
combination	2-4-5-7-8	0
combination	0-2-4-5-7-8	0
combination	1-2-4-5-7-8	0
combination	0-1-2-4-5-7-8	13
combination	3-4-5-7-8	27739
combination	0-3-4-5-7-8	0
combination	1-3-4-5-7-8	0
combination	0-1-3-4-5-7-8	0
combination	2-3-4-5-7-8	0
combination	0-2-3-4-5-7-8	0
combination	1-2-3-4-5-7-8	0
combination	0-1-2-3-4-5-7-8	0
combination	6-7-8	186573
combination	0-6-7-8	0
combination	1-6-7-8	0
combination	0-1-6-7-8	0
combination	2-6-7-8	0
combination	0-2-6-7-8	0
combination	1-2-6-7-8	0
combination	0-1-2-6-7-8	0
combination	3-6-7-8	216707
combination	0-3-6-7-8	0
combination	1-3-6-7-8	0
combination	0-1-3-6-7-8	0
combination	2-3-6-7-8	0
combination	0-2-3-6-7-8	0
combination	1-2-3-6-7-8	2
combination	0-1-2-3-6-7-8	9
combination	4-6-7-8	299270
combination	0-4-6-7-8	0
combination	1-4-6-7-8	0
combination	0-1-4-6-7-8	0
combination	2-4-6-7-8	0
combination	0-2-4-6-7-8	0
combination	1-2-4-6-7-8	0
combination	0-1-2-4-6-7-8	37
combination	3-4-6-7-8	3159648
combination	0-3-4-6-7-8	1
combination	1-3-4-6-7-8	5
combination	0-1-3-4-6-7-8	0
combination	2-3-4-6-7-8	14
combination	0-2-3-4-6-7-8	0
combination	1-2-3-4-6-7-8	27
combination	0-1-2-3-4-6-7-8	474
combination	5-6-7-8	12652
combination	0-5-6-7-8	0
combination	1-5-6-7-8	0
combination	0-1-5-6-7-8	0
combination	2-5-6-7-8	0
combination	0-2-5-6-7-8	0
combination	1-2-5-6-7-8	0
combination	0-1-2-5-6-7-8	34
combination	3-5-6-7-8	36435
combination	0-3-5-6-7-8	0
combination	1-3-5-6-7-8	0
combination	0-1-3-5-6-7-8	0
combination	2-3-5-6-7-8	0
combination	0-2-3-5-6-7-8	0
combination	1-2-3-5-6-7-8	0
combination	0-1-2-3-5-6-7-8	7
combination	4-5-6-7-8	35187
combination	0-4-5-6-7-8	0
combination	1-4-5-6-7-8	0
combination	0-1-4-5-6-7-8	0
combination	2-4-5-6-7-8	0
combination	0-2-4-5-6-7-8	0
combination	1-2-4-5-6-7-8	0
combination	0-1-2-4-5-6-7-8	43
combination	3-4-5-6-7-8	703399
combination	0-3-4-5-6-7-8	198
combination	1-3-4-5-6-7-8	48
combination	0-1-3-4-5-6-7-8	0
combination	2-3-4-5-6-7-8	0
combination	0-2-3-4-5-6-7-8	0
combination	1-2-3-4-5-6-7-8	0
combination	0-1-2-3-4-5-6-7-8	319
combination	9	0
combination	0-9	9464
combination	1-9	457
combination	0-1-9	2245
combination	2-9	286
combination	0-2-9	8402
combination	1-2-9	137568
combination	0-1-2-9	3849789
combination	3-9	27
combination	0-3-9	101
combination	1-3-9	2
combination	0-1-3-9	23
combination	2-3-9	0
combination	0-2-3-9	26
combination	1-2-3-9	4640
combination	0-1-2-3-9	26656
combination	4-9	0
combination	0-4-9	41
combination	1-4-9	0
combination	0-1-4-9	16
combination	2-4-9	0
combination	0-2-4-9	32
combination	1-2-4-9	8
combination	0-1-2-4-9	24207
combination	3-4-9	0
combination	0-3-4-9	1
combination	1-3-4-9	0
combination	0-1-3-4-9	0
combination	2-3-4-9	0
combination	0-2-3-4-9	2
combination	1-2-3-4-9	271
combination	0-1-2-3-4-9	13462
combination	5-9	0
combination	0-5-9	937
combination	1-5-9	110
combination	0-1-5-9	334
combination	2-5-9	0
combination	0-2-5-9	1286
combination	1-2-5-9	654
combination	0-1-2-5-9	1496751
combination	3-5-9	0
combination	0-3-5-9	46
combination	1-3-5-9	0
combination	0-1-3-5-9	10
combination	2-3-5-9	0
combination	0-2-3-5-9	29
combination	1-2-3-5-9	11
combination	0-1-2-3-5-9	34065
combination	4-5-9	0
combination	0-4-5-9	17
combination	1-4-5-9	0
combination	0-1-4-5-9	0
combination	2-4-5-9	0
combination	0-2-4-5-9	7
combination	1-2-4-5-9	0
combination	0-1-2-4-5-9	24600
combination	3-4-5-9	0
combination	0-3-4-5-9	2
combination	1-3-4-5-9	0
combination	0-1-3-4-5-9	0
combination	2-3-4-5-9	0
combination	0-2-3-4-5-9	0
combination	1-2-3-4-5-9	15
combination	0-1-2-3-4-5-9	23128
combination	6-9	0
combination	0-6-9	15
combination	1-6-9	31
combination	0-1-6-9	13
combination	2-6-9	0
combination	0-2-6-9	512
combination	1-2-6-9	1274
combination	0-1-2-6-9	25174
combination	3-6-9	0
combination	0-3-6-9	9
combination	1-3-6-9	0
combination	0-1-3-6-9	3
combination	2-3-6-9	0
combination	0-2-3-6-9	36
combination	1-2-3-6-9	325
combination	0-1-2-3-6-9	14084
combination	4-6-9	0
combination	0-4-6-9	2
combination	1-4-6-9	0
combination	0-1-4-6-9	9
combination	2-4-6-9	0
combination	0-2-4-6-9	1
combination	1-2-4-6-9	0
combination	0-1-2-4-6-9	14570
combination	3-4-6-9	0
combination	0-3-4-6-9	23
combination	1-3-4-6-9	0
combination	0-1-3-4-6-9	5
combination	2-3-4-6-9	0
combination	0-2-3-4-6-9	45
combination	1-2-3-4-6-9	11
combination	0-1-2-3-4-6-9	26141
combination	5-6-9	0
combination	0-5-6-9	4
combination	1-5-6-9	0
combination	0-1-5-6-9	31
combination	2-5-6-9	0
combination	0-2-5-6-9	3
combination	1-2-5-6-9	9
combination	0-1-2-5-6-9	29014
combination	3-5-6-9	0
combination	0-3-5-6-9	80
combination	1-3-5-6-9	0
combination	0-1-3-5-6-9	0
combination	2-3-5-6-9	0
combination	0-2-3-5-6-9	32
combination	1-2-3-5-6-9	0
combination	0-1-2-3-5-6-9	24795
combination	4-5-6-9	0
combination	0-4-5-6-9	16
combination	1-4-5-6-9	0
combination	0-1-4-5-6-9	13
combination	2-4-5-6-9	0
combination	0-2-4-5-6-9	1
combination	1-2-4-5-6-9	0
combination	0-1-2-4-5-6-9	20765
combination	3-4-5-6-9	0
combination	0-3-4-5-6-9	1
combination	1-3-4-5-6-9	0
combination	0-1-3-4-5-6-9	10
combination	2-3-4-5-6-9	0
combination	0-2-3-4-5-6-9	38
combination	1-2-3-4-5-6-9	9
combination	0-1-2-3-4-5-6-9	53186
combination	7-9	0
combination	0-7-9	0
combination	1-7-9	0
combination	0-1-7-9	0
combination	2-7-9	0
combination	0-2-7-9	0
combination	1-2-7-9	0
combination	0-1-2-7-9	0
combination	3-7-9	0
combination	0-3-7-9	0
combination	1-3-7-9	0
combination	0-1-3-7-9	0
combination	2-3-7-9	0
combination	0-2-3-7-9	0
combination	1-2-3-7-9	0
combination	0-1-2-3-7-9	0
combination	4-7-9	0
combination	0-4-7-9	0
combination	1-4-7-9	0
combination	0-1-4-7-9	0
combination	2-4-7-9	0
combination	0-2-4-7-9	0
combination	1-2-4-7-9	0
combination	0-1-2-4-7-9	0
combination	3-4-7-9	0
combination	0-3-4-7-9	0
combination	1-3-4-7-9	0
combination	0-1-3-4-7-9	0
combination	2-3-4-7-9	0
combination	0-2-3-4-7-9	0
combination	1-2-3-4-7-9	0
combination	0-1-2-3-4-7-9	16
combination	5-7-9	0
combination	0-5-7-9	0
combination	1-5-7-9	0
combination	0-1-5-7-9	0
combination	2-5-7-9	0
combination	0-2-5-7-9	0
combination	1-2-5-7-9	0
combination	0-1-2-5-7-9	0
combination	3-5-7-9	0
combination	0-3-5-7-9	0
combination	1-3-5-7-9	0
combination	0-1-3-5-7-9	0
combination	2-3-5-7-9	0
combination	0-2-3-5-7-9	0
combination	1-2-3-5-7-9	0
combination	0-1-2-3-5-7-9	0
combination	4-5-7-9	0
combination	0-4-5-7-9	0
combination	1-4-5-7-9	0
combination	0-1-4-5-7-9	0
combination	2-4-5-7-9	0
combination	0-2-4-5-7-9	0
combination	1-2-4-5-7-9	0
combination	0-1-2-4-5-7-9	0
combination	3-4-5-7-9	0
combination	0-3-4-5-7-9	0
combination	1-3-4-5-7-9	0
combination	0-1-3-4-5-7-9	0
combination	2-3-4-5-7-9	0
combination	0-2-3-4-5-7-9	0
combination	1-2-3-4-5-7-9	0
combination	0-1-2-3-4-5-7-9	0
combination	6-7-9	0
combination	0-6-7-9	0
combination	1-6-7-9	0
combination	0-1-6-7-9	0
combination	2-6-7-9	0
combination	0-2-6-7-9	0
combination	1-2-6-7-9	0
combination	0-1-2-6-7-9	0
combination	3-6-7-9	0
combination	0-3-6-7-9	0
combination	1-3-6-7-9	0
combination	0-1-3-6-7-9	0
combination	2-3-6-7-9	0
combination	0-2-3-6-7-9	0
combination	1-2-3-6-7-9	0
combination	0-1-2-3-6-7-9	0
combination	4-6-7-9	0
combination	0-4-6-7-9	0
combination	1-4-6-7-9	0
combination	0-1-4-6-7-9	0
combination	2-4-6-7-9	0
combination	0-2-4-6-7-9	0
combination	1-2-4-6-7-9	0
combination	0-1-2-4-6-7-9	0
combination	3-4-6-7-9	0
combination	0-3-4-6-7-9	0
combination	1-3-4-6-7-9	0
combination	0-1-3-4-6-7-9	0
combination	2-3-4-6-7-9	0
combination	0-2-3-4-6-7-9	0
combination	1-2-3-4-6-7-9	0
combination	0-1-2-3-4-6-7-9	0
combination	5-6-7-9	0
combination	0-5-6-7-9	0
combination	1-5-6-7-9	0
combination	0-1-5-6-7-9	0
combination	2-5-6-7-9	0
combination	0-2-5-6-7-9	0
combination	1-2-5-6-7-9	0
combination	0-1-2-5-6-7-9	0
combination	3-5-6-7-9	0
combination	0-3-5-6-7-9	0
combination	1-3-5-6-7-9	0
combination	0-1-3-5-6-7-9	0
combination	2-3-5-6-7-9	0
combination	0-2-3-5-6-7-9	0
combination	1-2-3-5-6-7-9	0
combination	0-1-2-3-5-6-7-9	0
combination	4-5-6-7-9	0
combination	0-4-5-6-7-9	0
combination	1-4-5-6-7-9	0
combination	0-1-4-5-6-7-9	0
combination	2-4-5-6-7-9	0
combination	0-2-4-5-6-7-9	0
combination	1-2-4-5-6-7-9	0
combination	0-1-2-4-5-6-7-9	0
combination	3-4-5-6-7-9	0
combination	0-3-4-5-6-7-9	0
combination	1-3-4-5-6-7-9	0
combination	0-1-3-4-5-6-7-9	0
combination	2-3-4-5-6-7-9	0
combination	0-2-3-4-5-6-7-9	0
combination	1-2-3-4-5-6-7-9	0
combination	0-1-2-3-4-5-6-7-9	15
combination	8-9	0
combination	0-8-9	0
combination	1-8-9	0
combination	0-1-8-9	0
combination	2-8-9	0
combination	0-2-8-9	0
combination	1-2-8-9	0
combination	0-1-2-8-9	0
combination	3-8-9	0
combination	0-3-8-9	0
combination	1-3-8-9	0
combination	0-1-3-8-9	0
combination	2-3-8-9	0
combination	0-2-3-8-9	0
combination	1-2-3-8-9	0
combination	0-1-2-3-8-9	18
combination	4-8-9	0
combination	0-4-8-9	0
combination	1-4-8-9	0
combination	0-1-4-8-9	0
combination	2-4-8-9	0
combination	0-2-4-8-9	0
combination	1-2-4-8-9	0
combination	0-1-2-4-8-9	0
combination	3-4-8-9	0
combination	0-3-4-8-9	0
combination	1-3-4-8-9	0
combination	0-1-3-4-8-9	0
combination	2-3-4-8-9	0
combination	0-2-3-4-8-9	0
combination	1-2-3-4-8-9	0
combination	0-1-2-3-4-8-9	0
combination	5-8-9	0
combination	0-5-8-9	0
combination	1-5-8-9	0
combination	0-1-5-8-9	0
combination	2-5-8-9	0
combination	0-2-5-8-9	0
combination	1-2-5-8-9	0
combination	0-1-2-5-8-9	0
combination	3-5-8-9	0
combination	0-3-5-8-9	0
combination	1-3-5-8-9	0
combination	0-1-3-5-8-9	0
combination	2-3-5-8-9	0
combination	0-2-3-5-8-9	0
combination	1-2-3-5-8-9	0
combination	0-1-2-3-5-8-9	0
combination	4-5-8-9	0
combination	0-4-5-8-9	0
combination	1-4-5-8-9	0
combination	0-1-4-5-8-9	0
combination	2-4-5-8-9	0
combination	0-2-4-5-8-9	0
combination	1-2-4-5-8-9	0
combination	0-1-2-4-5-8-9	0
combination	3-4-5-8-9	0
combination	0-3-4-5-8-9	0
combination	1-3-4-5-8-9	0
combination	0-1-3-4-5-8-9	0
combination	2-3-4-5-8-9	0
combination	0-2-3-4-5-8-9	0
combination	1-2-3-4-5-8-9	0
combination	0-1-2-3-4-5-8-9	0
combination	6-8-9	0
combination	0-6-8-9	0
combination	1-6-8-9	0
combination	0-1-6-8-9	0
combination	2-6-8-9	0
combination	0-2-6-8-9	0
combination	1-2-6-8-9	0
combination	0-1-2-6-8-9	0
combination	3-6-8-9	0
combination	0-3-6-8-9	0
combination	1-3-6-8-9	0
combination	0-1-3-6-8-9	0
combination	2-3-6-8-9	0
combination	0-2-3-6-8-9	0
combination	1-2-3-6-8-9	0
combination	0-1-2-3-6-8-9	0
combination	4-6-8-9	0
combination	0-4-6-8-9	0
combination	1-4-6-8-9	0
combination	0-1-4-6-8-9	0
combination	2-4-6-8-9	0
combination	0-2-4-6-8-9	0
combination	1-2-4-6-8-9	0
combination	0-1-2-4-6-8-9	0
combination	3-4-6-8-9	0
combination	0-3-4-6-8-9	0
combination	1-3-4-6-8-9	0
combination	0-1-3-4-6-8-9	0
combination	2-3-4-6-8-9	0
combination	0-2-3-4-6-8-9	0
combination	1-2-3-4-6-8-9	0
combination	0-1-2-3-4-6-8-9	11
combination	5-6-8-9	0
combination	0-5-6-8-9	0
combination	1-5-6-8-9	0
combination	0-1-5-6-8-9	0
combination	2-5-6-8-9	0
combination	0-2-5-6-8-9	0
combination	1-2-5-6-8-9	0
combination	0-1-2-5-6-8-9	0
combination	3-5-6-8-9	0
combination	0-3-5-6-8-9	0
combination	1-3-5-6-8-9	0
combination	0-1-3-5-6-8-9	0
combination	2-3-5-6-8-9	0
combination	0-2-3-5-6-8-9	0
combination	1-2-3-5-6-8-9	0
combination	0-1-2-3-5-6-8-9	0
combination	4-5-6-8-9	0
combination	0-4-5-6-8-9	0
combination	1-4-5-6-8-9	0
combination	0-1-4-5-6-8-9	0
combination	2-4-5-6-8-9	0
combination	0-2-4-5-6-8-9	0
combination	1-2-4-5-6-8-9	0
combination	0-1-2-4-5-6-8-9	0
combination	3-4-5-6-8-9	0
combination	0-3-4-5-6-8-9	0
combination	1-3-4-5-6-8-9	0
combination	0-1-3-4-5-6-8-9	0
combination	2-3-4-5-6-8-9	0
combination	0-2-3-4-5-6-8-9	0
combination	1-2-3-4-5-6-8-9	0
combination	0-1-2-3-4-5-6-8-9	2
combination	7-8-9	0
combination	0-7-8-9	15
combination	1-7-8-9	0
combination	0-1-7-8-9	0
combination	2-7-8-9	0
combination	0-2-7-8-9	6
combination	1-2-7-8-9	62
combination	0-1-2-7-8-9	28612
combination	3-7-8-9	0
combination	0-3-7-8-9	4
combination	1-3-7-8-9	0
combination	0-1-3-7-8-9	0
combination	2-3-7-8-9	0
combination	0-2-3-7-8-9	10
combination	1-2-3-7-8-9	34
combination	0-1-2-3-7-8-9	12333
combination	4-7-8-9	0
combination	0-4-7-8-9	9
combination	1-4-7-8-9	0
combination	0-1-4-7-8-9	0
combination	2-4-7-8-9	0
combination	0-2-4-7-8-9	14
combination	1-2-4-7-8-9	101
combination	0-1-2-4-7-8-9	15014
combination	3-4-7-8-9	0
combination	0-3-4-7-8-9	17
combination	1-3-4-7-8-9	7
combination	0-1-3-4-7-8-9	2
combination	2-3-4-7-8-9	0
combination	0-2-3-4-7-8-9	33
combination	1-2-3-4-7-8-9	28
combination	0-1-2-3-4-7-8-9	33652
combination	5-7-8-9	0
combination	0-5-7-8-9	28
combination	1-5-7-8-9	0
combination	0-1-5-7-8-9	1
combination	2-5-7-8-9	0
combination	0-2-5-7-8-9	5
combination	1-2-5-7-8-9	16
combination	0-1-2-5-7-8-9	26326
combination	3-5-7-8-9	0
combination	0-3-5-7-8-9	24
combination	1-3-5-7-8-9	0
combination	0-1-3-5-7-8-9	0
combination	2-3-5-7-8-9	0
combination	0-2-3-5-7-8-9	20
combination	1-2-3-5-7-8-9	12
combination	0-1-2-3-5-7-8-9	20405
combination	4-5-7-8-9	0
combination	0-4-5-7-8-9	22
combination	1-4-5-7-8-9	0
combination	0-1-4-5-7-8-9	0
combination	2-4-5-7-8-9	0
combination	0-2-4-5-7-8-9	66
combination	1-2-4-5-7-8-9	2
combination	0-1-2-4-5-7-8-9	20652
combination	3-4-5-7-8-9	0
combination	0-3-4-5-7-8-9	30
combination	1-3-4-5-7-8-9	11
combination	0-1-3-4-5-7-8-9	4
combination	2-3-4-5-7-8-9	0
combination	0-2-3-4-5-7-8-9	39
combination	1-2-3-4-5-7-8-9	15
combination	0-1-2-3-4-5-7-8-9	61301
combination	6-7-8-9	0
combination	0-6-7-8-9	12
combination	1-6-7-8-9	0
combination	0-1-6-7-8-9	1
combination	2-6-7-8-9	0
combination	0-2-6-7-8-9	14
combination	1-2-6-7-8-9	8
combination	0-1-2-6-7-8-9	15839
combination	3-6-7-8-9	0
combination	0-3-6-7-8-9	22
combination	1-3-6-7-8-9	0
combination	0-1-3-6-7-8-9	2
combination	2-3-6-7-8-9	0
combination	0-2-3-6-7-8-9	22
combination	1-2-3-6-7-8-9	3
combination	0-1-2-3-6-7-8-9	26315
combination	4-6-7-8-9	0
combination	0-4-6-7-8-9	27
combination	1-4-6-7-8-9	0
combination	0-1-4-6-7-8-9	53
combination	2-4-6-7-8-9	0
combination	0-2-4-6-7-8-9	7
combination	1-2-4-6-7-8-9	1988
combination	0-1-2-4-6-7-8-9	51256
combination	3-4-6-7-8-9	0
combination	0-3-4-6-7-8-9	317
combination	1-3-4-6-7-8-9	17
combination	0-1-3-4-6-7-8-9	91
combination	2-3-4-6-7-8-9	0
combination	0-2-3-4-6-7-8-9	522
combination	1-2-3-4-6-7-8-9	750
combination	0-1-2-3-4-6-7-8-9	724972
combination	5-6-7-8-9	0
combination	0-5-6-7-8-9	11
combination	1-5-6-7-8-9	0
combination	0-1-5-6-7-8-9	1
combination	2-5-6-7-8-9	0
combination	0-2-5-6-7-8-9	0
combination	1-2-5-6-7-8-9	7
combination	0-1-2-5-6-7-8-9	22144
combination	3-5-6-7-8-9	0
combination	0-3-5-6-7-8-9	75
combination	1-3-5-6-7-8-9	0
combination	0-1-3-5-6-7-8-9	20
combination	2-3-5-6-7-8-9	0
combination	0-2-3-5-6-7-8-9	35
combination	1-2-3-5-6-7-8-9	34
combination	0-1-2-3-5-6-7-8-9	56819
combination	4-5-6-7-8-9	0
combination	0-4-5-6-7-8-9	68
combination	1-4-5-6-7-8-9	0
combination	0-1-4-5-6-7-8-9	23
combination	2-4-5-6-7-8-9	0
combination	0-2-4-5-6-7-8-9	66
combination	1-2-4-5-6-7-8-9	20
combination	0-1-2-4-5-6-7-8-9	68171
combination	3-4-5-6-7-8-9	0
combination	0-3-4-5-6-7-8-9	1407
combination	1-3-4-5-6-7-8-9	83
combination	0-1-3-4-5-6-7-8-9	262
combination	2-3-4-5-6-7-8-9	0
combination	0-2-3-4-5-6-7-8-9	1995
combination	1-2-3-4-5-6-7-8-9	787
combination	0-1-2-3-4-5-6-7-8-9	2144470
